Country,Animal fats,Animal Products,Cereals - Excluding Beer,Eggs,"Fish, Seafood",Fruits - Excluding Wine,Meat,Milk - Excluding Butter,Miscellaneous,Offals,Oilcrops,Pulses,Spices,Starchy Roots,Stimulants,Sugar & Sweeteners,Treenuts,Vegetable Oils,Vegetal Products,Death rate
Afghanistan,0.1973,9.4341,24.8097,0.2099,0.035,5.3495,1.202,7.5828,0.0728,0.2057,0.07,0.2953,0.0574,0.8802,0.3078,1.3489,0.077,0.5345,40.5645,0.006185779
Albania,0.1357,18.7684,5.7817,0.5815,0.2126,6.7861,1.8845,15.7213,0.1123,0.2324,0.9377,0.238,8.00E-04,1.8096,0.1055,1.5367,0.1515,0.3261,31.2304,0.050951374
Algeria,0.0282,9.6334,13.6816,0.5277,0.2416,6.3801,1.1305,7.6189,0.1671,0.087,0.3493,0.4783,0.0557,4.134,0.2216,1.8342,0.1152,1.031,40.3651,0.006558153
Angola,0.056,4.9278,9.1085,0.0587,1.7707,6.0005,2.0571,0.8311,0.1165,0.155,0.4186,0.6507,9.00E-04,18.1102,0.0508,1.8495,0.0061,0.6463,45.0722,0.00146055
Antigua and Barbuda,0.0087,16.6613,5.996,0.2274,4.1489,10.7451,5.6888,6.3663,0.7139,0.2219,0.2172,0.184,0.1524,1.4522,0.1564,3.8749,0.0253,0.8102,33.3233,0.007142857
Argentina,0.2234,19.3454,8.4102,0.9979,0.4693,6.0435,7.0421,10.2328,0,0.3779,0.0116,0.0528,0.0122,3.042,0.4378,3.0536,0.02,0.9541,30.6559,0.108226635
Armenia,0.1833,13.564,7.2982,0.5783,0.2896,6.0989,2.2675,9.9407,0.2355,0.304,0.0899,0.1441,0.0055,2.0359,0.1863,2.6579,0.1108,0.4705,36.4358,0.105345061
Australia,0.3143,21.4175,5.4979,0.4428,1.4264,4.1883,6.7049,12.1018,0.5293,0.424,0.3694,0.0546,0.0458,2.7884,0.2928,2.5364,0.3176,1.2798,28.5806,0.003529549
Austria,0.8555,19.5654,6.2116,0.7884,0.7562,4.6069,4.681,12.3776,5.00E-04,0.1052,0.2683,0.0456,0.0494,3.0548,0.4106,2.6094,0.2367,0.8109,30.4338,0.089679156
Azerbaijan,0.2544,11.6416,13.0898,0.5593,0.202,4.7988,2.1513,8.3212,0.0145,0.1534,0.0145,0.0347,0.0044,4.7041,0.0587,1.5523,0.1906,0.2235,38.3584,0.031222794
Bahamas,0.0062,11.4718,3.7246,0.625,2.4144,13.2718,5.9269,2.1757,2.9316,0.3218,0.6993,0.0504,0.0884,1.0547,0.1556,6.2151,0.0495,0.511,38.5229,0.044783715
Bangladesh,0.0156,5.1926,29.8045,0.2957,2.5221,2.8655,0.4191,1.8778,0.0197,0.0633,0.082,0.7065,0.3195,5.3378,0.0529,0.9285,0.0934,0.7615,44.8033,0.004823066
Barbados,0.2212,12.4976,8.0666,0.7792,3.275,5.8723,5.8477,2.2041,3.302,0.1704,0.8734,0.6391,0.1565,4.0812,0.1721,4.3344,0.0852,0.8677,37.5167,0.006271777
Belarus,0.3353,12.7089,6.2814,0.7565,0.8372,3.5665,4.1893,6.2104,0.5035,0.3795,0.072,0.001,0.0067,9.1691,0.1142,4.0155,0.1399,0.8804,37.2904,0.018912
Belgium,0.8559,17.7279,6.6704,0.6487,1.1325,4.1623,3.237,11.6344,0,0.2185,0.0965,0.1132,0.0409,4.4157,0.2461,3.6514,0.1309,0.564,32.2637,0.185427703
Belize,0.0832,8.6856,11.07,0.3923,1.0325,12.6094,3.489,3.6317,1.7653,0.0569,0.394,1.1259,0.0195,1.0614,0.0849,3.9798,0.034,1.0198,41.3122,0.073031026
Benin,0.0132,3.7504,9.623,0.0711,1.2267,2.9523,1.4107,0.9458,0.145,0.0829,0.6628,0.7367,0.4461,19.7771,0.0042,0.6635,0.4028,0.7381,46.2493,0.000450487
Bolivia,0.0889,11.7799,12.3079,0.6626,0.2307,7.5088,6.4098,4.2873,0.1661,0.1006,0.1374,0.3654,0.0422,7.7315,0.2083,2.5724,0.7084,0.3573,38.2165,0.092435313
Bosnia and Herzegovina,0.0585,12.4319,8.7152,0.2576,0.2465,4.6409,1.8165,9.9443,0.486,0.1089,0.0963,0.2718,0.3922,4.0495,0.3504,1.6391,0.0822,0.4205,37.5645,0.145534898
Botswana,0.3402,14.4486,11.432,0.1402,0.3551,2.8465,2.284,11.0217,1.6092,0.3056,0.2019,0.2729,0.1626,4.7614,0.1336,4.7857,0.015,1.0065,35.5491,0.007034959
Brazil,0.2803,17.347,8.4292,0.5042,0.5899,6.0936,6.4784,9.3416,6.00E-04,0.1512,0.7093,0.9254,0.0071,3.3959,0.3024,2.7755,0.0513,1.2823,32.6537,0.108602912
Bulgaria,0.2488,17.2483,8.875,0.5924,0.4845,3.9812,4.0073,11.5992,0.2254,0.3058,0.345,0.1512,0.6048,1.8576,0.2818,2.3627,0.0797,0.7085,32.7435,0.134416053
Burkina Faso,0.0231,4.6611,21.2005,0.2406,0.7077,0.6596,1.2029,2.3195,0.1373,0.1664,1.8664,1.4294,0.0321,0.9723,0.0211,1.1287,0.0712,0.9503,45.3359,0.000641056
Cabo Verde,0.0363,9.7559,14.7961,0.4602,1.0598,4.6402,3.0725,5.0192,1.119,0.105,0.5394,1.139,0.2731,3.843,0.1671,2.1396,0.0258,0.9471,40.2437,0.024280576
Cambodia,0.0377,6.08,24.8906,0.131,4.2369,2.3184,1.2247,0.3285,0.4853,0.1211,0.79,0.4903,0.0784,3.0519,0.126,2.9923,0.0238,0.2511,43.9195,0
Cameroon,0.0146,2.933,10.3112,0.0256,1.3206,7.2151,0.876,0.6289,0.0717,0.0673,0.8658,1.4734,0.283,11.3883,0.0234,0.6479,0.1324,0.6398,47.067,0.001782089
Canada,0.8084,16.0365,6.4236,0.7668,1.2148,5.0692,4.4707,8.7596,0.6071,0.0097,0.4334,0.6304,0.0574,3.494,0.4053,5.0237,0.1439,1.3441,33.9551,0.054202671
Central African Republic,0.1228,6.9032,3.8844,0.051,0.8041,4.5543,3.7346,1.7581,0.0614,0.4338,0.697,0.8936,0.0031,27.7128,0.2008,0.7022,0,0.724,43.0942,0.001304348
Chad,0.2023,12.2804,21.6017,0.0495,1.0451,1.0669,3.8543,5.9037,0.064,1.2256,3.0304,1.4133,0,6.991,0.0087,1.3449,0,0.4556,37.7189,0.000740653
Chile,0.1782,15.0394,10.8579,0.7757,0.8711,3.9109,6.1492,6.9966,0.3024,0.0525,0.2588,0.2677,0.0133,4.7183,0.1353,3.5582,0.119,0.5435,34.9584,0.097046739
China,0.0866,13.424,8.9298,1.2059,3.3435,4.2451,6.0732,1.7962,1.3773,0.8643,0.4401,0.0704,0.0364,1.9016,0.1781,3.1065,0.2665,0.579,36.5744,0.000343843
Colombia,0.0814,12.821,8.1055,0.8132,0.4552,11.3276,3.554,7.7443,0.0776,0.1729,0.2276,0.3503,0.0343,5.0309,0.0057,4.7518,0.0947,0.9454,37.1774,0.112638541
Congo,0.0122,6.1258,6.2564,0.0457,2.3945,4.0015,3.2735,0.0963,0.173,0.3044,0.3632,0.2408,0.0033,23.2457,0.0171,1.3907,0.0016,0.67,43.8709,0.014516129
Costa Rica,0.1529,18.677,8.6611,0.7582,1.3317,9.5203,3.8631,12.4535,0.0274,0.1161,0.2914,0.8354,0.0433,1.5676,0.3181,3.9006,0.0397,1.4363,31.3238,0.052279397
Cote d'Ivoire,0.0132,2.9144,11.4585,0.1587,1.3914,4.8741,0.9586,0.1285,0.0163,0.2648,0.6055,0.1727,0.1247,23.308,0.0759,0.7859,0.5443,0.8656,47.0806,0.000618911
Croatia,0.2296,17.311,5.7726,0.3955,0.9196,3.4094,3.6945,11.8824,0,0.1889,0.3494,0.0373,0.0236,1.8078,0.2458,3.088,0.0761,0.3808,32.6838,0.127960199
Cuba,0.1202,10.0096,9.9309,0.5263,0.3368,9.0347,3.2837,5.5971,0.0787,0.1456,0.5346,1.1336,0.0089,5.1555,0.0657,3.1617,6.00E-04,0.4535,39.9895,0.00206542
Cyprus,0.0277,16.1736,7.0646,0.5746,1.8209,6.198,5.3167,8.2744,1.4858,0.1584,0.4089,0.211,0.0307,1.7705,0.2387,4.2194,0.1781,1.1937,33.8191,0.017481359
Czechia,0.8945,17.8065,5.6937,0.4964,0.5355,3.3962,4.7618,10.983,0.1099,0.134,0.0949,0.1139,0.0316,3.3991,0.134,3.8081,0.0477,0.9854,32.1944,0.159845091
Denmark,1.2415,23.2141,6.7226,0.8206,1.1797,3.1098,3.6804,15.9557,0,0.3347,0.1185,0.0369,0.0774,3.1113,0.4069,2.8728,0.1138,0.0915,26.7812,0.038016812
Djibouti,0.0579,5.5215,20.2702,0.1275,0.4276,3.2735,1.7428,2.9085,1.1831,0.2572,0.0568,1.5724,0.1506,1.8633,0.1309,4.2005,0.0406,1.6153,44.4582,0.006376518
Dominica,0.0319,8.9011,3.4014,0.1244,1.4188,19.3028,2.782,4.4217,0.6745,0.1219,1.1058,0.2255,0.1512,6.8477,0.2553,3.1738,0.0035,0.3797,41.0989,0
Dominican Republic,0.1122,11.2417,6.9232,0.6445,0.6059,18.4431,3.5009,6.1202,0.0906,0.2567,1.1395,0.5881,0.026,2.0198,0.142,2.1332,0.0108,1.2948,38.7577,0.02667619
Ecuador,0.1277,15.3469,14.9132,0.6902,0.6893,8.039,4.0115,9.5745,0.1526,0.22,0.1765,0.157,0.0177,2.2701,0.0071,1.737,0.016,1.3777,34.6522,0.085683285
Egypt,0.0896,6.7374,17.5311,0.2307,1.5844,6.9387,1.7583,2.7568,0.0187,0.317,0.6541,0.3063,0.0655,2.6919,0.0863,1.7984,0.0268,0.3839,43.2622,0.009527494
El Salvador,0.1113,12.888,11.7265,0.7533,0.573,5.9517,2.6337,8.7381,0.592,0.0794,1.4273,1.4661,0.0121,2.2462,0.2649,3.526,0.0155,0.4565,37.1029,0.025813918
Estonia,0.4556,22.3154,6.3498,0.6145,0.7127,3.5061,3.081,17.3068,0.1501,0.1457,0.0518,0.1472,0.0576,3.2403,0.2121,2.3886,0.0886,0.3472,27.6779,0.034259955
Eswatini,0.1024,7.4118,14.7814,0.1578,0.3643,8.5537,2.5917,3.9299,0.6695,0.262,0.3005,0.3578,0.1615,5.3187,0.0648,3.1796,0.0892,0.3258,42.5816,0.054710145
Ethiopia,0.0276,5.2956,22.0779,0.0594,0.0608,1.1774,0.7462,4.2647,0.018,0.1382,0.2322,3.0195,0.4298,11.2918,0.2957,1.317,0.0802,0.4699,44.6989,0.001866581
Fiji,0.2922,7.8511,10.144,0.2682,2.3832,2.1636,3.0004,1.7421,0.2586,0.1642,4.3799,0.7746,0.05,7.8599,0.1238,9.7259,0.0157,0.8683,42.1469,0.000223214
Finland,0.519,26.8865,5.1978,0.3979,1.5306,3.1864,3.4915,20.8378,0.7944,0.1097,0.0883,0.0533,0.0168,2.7671,0.545,1.8388,0.046,0.2468,23.1132,0.01244348
France,0.7907,21.7097,6.9951,0.611,1.8214,4.878,4.4005,13.784,0.1918,0.301,0.1479,0.0991,0.0164,2.6963,0.2925,2.611,0.2093,0.8675,28.2903,0.121558362
French Polynesia,0.0309,14.3585,7.6479,0.5386,3.4809,4.3512,7.0798,2.9364,3.2613,0.2748,3.1818,0.1452,0.0111,3.5436,0.126,2.8715,0.0405,0.9675,35.6559,NA
Gabon,0.0109,8.1825,9.1158,0.0701,2.2578,9.0341,4.32,0.9486,0.4751,0.5758,0.8509,0.0139,0.0015,11.8727,0.0212,1.2508,0.0051,0.4824,41.8004,0.003182429
Gambia,0.0114,10.1417,21.8908,0.2008,3.9197,0.8742,1.1134,4.8167,0.9824,0.0812,3.1637,0.1281,0.0043,0.8614,0.2719,4.1176,0.0897,2.2026,39.8291,0.005544063
Georgia,0.2356,15.5347,15.6253,0.5032,0.6622,3.1735,2.6217,11.3605,0.7882,0.1507,0.084,0.0025,0.0247,3.7542,0.2397,3.311,0.1631,0.668,34.4636,0.087994616
Germany,0.6715,20.8485,6.0363,0.5947,0.6758,3.6131,4.6524,14.1789,0,0.0747,0.1701,0.0419,0.0429,3.5712,0.3493,2.507,0.1903,0.8104,29.1443,0.073890756
Ghana,0.0088,2.8956,6.323,0.0705,1.4992,10.4274,0.8069,0.4178,0.1657,0.0917,0.7957,0.392,0.238,24.6325,0.0053,0.8128,0.0364,0.3655,47.1041,0.001444984
Greece,0.2116,17.6914,7.2801,0.4539,1.026,6.3296,3.7836,12.0221,0.0596,0.1947,0.8112,0.2539,0.0243,3.1307,0.256,1.7744,0.6676,1.5237,32.3038,0.055616822
Grenada,0.1276,12.1319,7.6569,0.9226,2.5802,11.0608,5.6546,2.7183,1.2873,0.1266,1.3768,0.6417,0.3171,2.2222,0.1104,5.448,0.0143,0.9959,37.8648,0.000884956
Guatemala,0.0957,10.3765,15.1579,1.4676,0.2807,6.7124,3.9589,4.4093,0.0348,0.1632,0.5276,1.6504,0.0403,1.3316,0.2872,5.3058,0.198,0.8747,39.624,0.03240341
Guinea,0.0213,3.8776,17.2911,0.1648,0.8939,7.9395,1.1561,1.4724,0.2312,0.1692,0.9506,0.3925,0,11.7958,0.1196,1.3368,9.00E-04,1.3271,46.1202,0.00066879
Guinea-Bissau,0.0423,4.9295,21.6069,0.1038,0.1666,6.366,2.2155,2.1899,0.5331,0.2114,0.328,0.2499,0.0013,8.1087,0.0167,0.7893,0.4485,1.8016,45.0666,0.00238713
Guyana,0.0206,9.1155,9.7847,0.1038,1.7011,5.7954,2.5237,4.7277,0.3516,0.0385,1.8367,0.3907,0.1942,1.8384,0.0742,3.2325,0.0435,0.2779,40.8722,0.022871665
Haiti,0.0402,3.5986,13.4196,0.0525,0.5064,12.0278,1.9687,0.8765,0.3309,0.1532,0.4829,2.0067,0.0022,11.48,0.3801,2.0961,0,0.8742,46.3997,0.002148557
Honduras,0.1378,13.6048,14.1699,0.4601,0.3339,6.8464,3.508,9.0154,0.6923,0.1505,0.1749,1.3962,0.0138,0.6796,0.4686,5.9591,0.0276,1.2467,36.3883,0.037611517
Hungary,1.0595,20.0268,7.5908,0.8885,0.4113,3.0852,5.2042,12.4568,0.0039,0.0052,0.0679,0.1906,0.1802,3.046,0.1031,2.5433,0.0183,0.7214,29.9644,0.133367462
Iceland,0.9461,23.97,4.1196,0.5557,4.6117,4.8405,4.6269,13.0028,1.4022,0.2232,0.1759,0.0376,0.0676,1.9909,0.4626,3.9472,0.0752,0.4667,26.0331,0.007880435
India,0.0028,11.3357,17.3821,0.3061,0.6499,5.4333,0.356,9.9889,0,0.0311,0.728,1.5709,0.3268,2.7906,0.0753,1.7471,0.1526,0.7487,38.6568,0.011070352
Indonesia,0.0309,6.2575,24.3918,0.4911,3.9386,5.5134,1.0316,0.5943,0.0026,0.1702,2.2113,0.0988,0.1508,4.6343,0.0406,1.8481,0.0564,0.8579,43.7438,0.01155263
Iran (Islamic Republic of),0.5369,7.9295,14.0141,0.4916,0.7813,7.9235,2.3965,3.5808,7.00E-04,0.1405,0.054,0.4729,0.0559,3.2877,0.1299,2.198,0.6421,0.7706,42.0701,0.069414141
Iraq,0.0423,6.2809,24.0855,1.2467,0.445,6.4975,2.5171,1.9902,0.3975,0.0396,0.3037,0.4807,0.0304,1.0842,0.1783,3.3755,0.1268,2.0139,43.7165,0.033004405
Ireland,0.871,18.5712,6.3057,0.4653,1.1942,3.3996,4.0102,11.9469,0.2951,0.0831,0.1733,0.1325,0.0362,3.5362,0.1855,4.0147,0.0836,0.7497,31.4242,0.073435938
Israel,0.1026,18.7463,7.6277,0.5664,1.4696,6.3746,5.5003,10.9066,0.2602,0.2007,0.5233,0.364,0.0278,1.9975,0.2619,1.7747,0.2262,1.6743,31.2472,0.055023872
Italy,0.2834,19.0329,8.5417,0.6247,1.5816,6.0207,4.2963,12.1258,0.0403,0.1194,0.1836,0.2781,0.0064,1.9043,0.2946,1.7175,0.423,1.4224,30.9671,0.150927093
Jamaica,0.2074,11.9958,8.5031,0.1457,1.8692,8.0661,4.3372,5.217,0.6952,0.2111,0.999,0.2177,0.3752,4.5837,0.1677,4.6889,0.011,0.7584,38.0023,0.012709149
Japan,0.0751,15.3194,12.1692,1.696,3.9283,2.8618,4.2599,5.063,0.2962,0.1883,0.7737,0.1287,0.1036,2.2072,0.3731,2.2055,0.0812,1.3445,34.6776,0.005059262
Jordan,0.1162,9.3186,14.138,0.3344,0.5985,4.6624,3.8651,4.2637,0.3579,0.1397,0.728,0.6393,0.0469,2.1431,0.3742,4.7276,0.1652,1.9861,40.6798,0.04091207
Kazakhstan,0.3611,19.1598,6.5119,0.4584,0.2393,3.2145,3.4501,14.3591,0.2967,0.2914,0.1154,0.0255,0.0106,5.4755,0.1319,1.456,0.0845,1.1215,30.8394,0.016650651
Kenya,0.1175,11.4394,15.1221,0.1447,0.4329,4.6941,1.7336,8.7987,0.025,0.211,0.2686,1.751,0.0174,7.5828,0.223,1.8098,0.0892,0.6689,38.5589,0.00331789
Kiribati,0.0486,8.8958,8.2747,0.164,6.1065,5.8907,2.3856,0.1561,0.5104,0.035,9.9946,0.0032,0.0064,7.183,0.0311,4.1373,0.1951,0.4419,41.1042,NA
"Korea, North",0.001,3.3933,17.9378,0.4668,1.1568,6.1383,1.3872,0.3146,0.069,0.066,0.209,1.1,0,6.2438,0.0142,0.3694,0.0426,0.7783,46.6046,NA
"Korea, South",0.2553,11.8174,11.7286,0.6414,3.4396,3.6993,4.4239,1.1394,0,0.2378,0.5632,0.072,0.0288,0.9799,0.0945,2.4835,0.1664,1.1663,38.181,0.00284081
Kuwait,0.0022,10.7213,11.4132,1.3306,0.8343,5.3058,4.877,3.4788,0.8554,0.1969,0.2783,0.4353,0.202,3.2296,0.2696,2.9163,0.1512,1.1976,39.275,0.020549989
Kyrgyzstan,0.191,15.4588,10.1059,0.2653,0.07,2.2846,1.8707,12.8008,0.2076,0.2604,0.0098,0.3439,0.0197,5.8068,0.0608,3.2495,0.1449,0.355,34.5412,0.021580224
Lao People's Democratic Republic,0.0979,3.6579,16.3943,0.1063,1.4213,8.8158,1.7111,0.1632,0.3404,0.1581,0.3584,0.1485,0.1317,3.4835,0.9869,1.1101,0.0028,0.2149,46.3416,0
Latvia,1.1805,18.8216,6.3952,0.6645,1.3226,2.5738,3.6559,11.8285,0.2596,0.1686,0.1107,0.0032,0.0122,6.5835,0.1963,2.6169,0.0793,0.699,31.1757,0.069768665
Lebanon,0.0796,8.0679,11.8253,0.173,0.7091,6.9852,1.9469,5.0748,0.0747,0.0853,0.5052,0.5011,0.0406,3.2676,0.3647,5.1366,0.5271,1.4807,41.9252,0.052190476
Lesotho,0.0233,6.0914,23.4645,0.1204,0.2383,1.8065,2.529,2.7893,0.3898,0.3924,0.0725,1.1603,0.1165,7.1935,0.0363,2.2079,0.0052,0.6786,43.8988,0.008543417
Liberia,0.0264,3.7603,16.1465,0.1598,0.7764,5.3606,2.4123,0.1545,0.2997,0.2311,0.4159,0.0977,0.0013,15.3608,0.0132,1.1236,0.0779,1.9567,46.2383,0.001660735
Lithuania,0.5316,23.049,6.4732,0.7,1.5431,2.4007,3.7899,16.3529,0.0126,0.1301,0.0867,0.4388,0.0546,2.2766,0.2164,4.502,0.055,0.4924,26.9471,0.1047602
Luxembourg,0.5443,14.6038,5.1366,0.7875,1.6249,4.4841,4.0469,7.4929,0.3877,0.1036,0.1658,0.0399,0.0586,2.2067,1.2823,8.1121,0.0308,0.563,35.3838,0.09335443
Madagascar,0.0415,4.9125,19.9604,0.077,0.6267,5.0701,1.4618,2.5031,0.0782,0.2002,0.1848,0.3708,0.0486,14.4675,0.2085,1.0922,0.0261,0.3115,45.0869,0.00101477
Malawi,0.0814,2.7754,10.6197,0.0829,0.697,8.4723,1.4923,0.2524,0.0396,0.1695,0.5436,1.1841,0.0139,20.2901,0.0389,0.6412,0.0161,0.204,47.2242,0.004375327
Malaysia,0.0882,12.6354,17.3088,1.6596,5.3482,4.1713,4.9092,0.53,0.1541,0.0789,0.5801,0.2617,0.4502,1.6568,0.1012,3.903,0.0835,1.6336,37.3632,0.002614319
Maldives,0.0029,14.2704,11.5385,1.1422,8.7959,6.0777,2.0051,2.3155,3.0315,0.0019,0.2082,0.0808,0.3434,1.6403,0.396,2.979,0.7569,0.1819,35.7208,0.009981516
Mali,0.0444,10.1637,19.8566,0.0573,0.7543,3.8991,1.9124,7.1206,0.1841,0.2746,0.491,0.7955,0.0638,2.6772,0.0614,0.8811,0.2374,0.5144,39.8262,0.001669053
Malta,0.2062,13.6092,7.8996,0.6714,1.7922,4.631,4.6096,6.2546,0.0315,0.0747,0.2899,0.2197,0.0331,2.059,0.2101,5.2164,0.1236,0.486,36.3899,0.053448276
Mauritania,0.1127,15.0193,20.4873,0.2539,1.0025,1.2991,3.3994,9.825,0.7519,0.4279,0.0799,1.0999,0.0066,1.0168,0.3677,4.3166,0,1.5716,34.9779,0.009139785
Mauritius,0.0074,9.27,17.1855,0.591,2.1303,3.568,4.6992,1.7166,1.0545,0.1173,0.4479,0.856,0.1847,1.8348,0.1625,3.568,0.0369,2.049,40.7175,0.000790514
Mexico,0.1672,15.1527,11.4325,1.2967,0.9656,7.6794,4.3561,7.9917,0.0275,0.3552,0.1947,0.7071,0.1121,1.1644,0.0248,3.2266,0.1121,0.6856,34.8456,0.129731126
Mongolia,0.3846,25.8904,10.1415,0.3727,0.044,1.0413,8.0929,15.856,0.5962,1.1411,0.0266,0.0366,0.0037,2.6155,0.1401,1.468,0.0137,0.555,24.1046,5.95E-05
Montenegro,0.2067,22.8328,5.0447,0.5542,0.6472,5.7297,3.3604,17.9487,0.847,0.1132,0.0865,0.2113,0.0175,1.1955,0.2605,6.0418,0.0948,0.4258,27.1612,0.134405145
Morocco,0.1449,8.4754,18.7029,0.4848,1.3901,7.211,2.5074,3.754,0.0079,0.1949,0.1892,0.3306,0.1185,3.4356,0.2042,2.6816,0.2549,0.8168,41.5224,0.023311638
Mozambique,0.0297,4.0111,13.1904,0.1932,1.1353,2.8312,0.9302,1.6385,0.1565,0.0852,0.1258,1.2809,0.004,22.2864,0.105,1.0649,0.2011,0.7509,45.9864,0.00144709
Myanmar,0.1751,13.5188,16.7608,0.4613,4.0424,4.0287,4.9753,3.6306,0.3391,0.2298,1.1003,1.2806,0.217,1.4514,0.2298,2.8592,0.2913,0.6322,36.4807,NA
Namibia,0.1134,9.6094,9.9189,0.1196,1.0164,3.1266,2.6844,5.4479,0.7228,0.2207,0.0818,0.7298,0.1266,12.8231,0.0888,3.9848,0.0114,0.9531,40.38,0.014600551
Nepal,0.0312,5.4355,18.1511,0.1435,0.205,4.7443,0.9817,3.9212,0.0594,0.1536,0.0594,0.9107,0.4195,6.0521,0.0319,0.547,0.0978,0.8209,44.5576,0.006784238
Netherlands,0.3343,24.2977,4.9685,0.747,1.1517,4.923,4.0105,18.0051,0,0.0397,0.1111,0.0852,0.064,4.2639,0.2904,2.3446,0.1587,0.8485,25.6959,0.08283048
New Caledonia,0.0821,11.7818,8.584,0.7494,2.0361,5.5855,5.8687,2.7675,3.6589,0.1993,2.2961,0.1275,0.0488,2.5648,0.1745,3.1901,0.0376,1.3157,38.2208,NA
New Zealand,0.7446,17.5777,7.7522,0.7067,1.6771,4.0202,6.8421,7.4627,0,0.1275,0.3296,0.2414,0.0495,3.3719,0.2374,3.8188,0.1499,0.5364,32.4155,0.000501303
Nicaragua,0.0836,13.1538,16.8052,0.549,0.6557,3.8377,3.1044,8.5527,0.6658,0.2055,0.3354,1.3618,0.006,1.9118,0.005,5.7021,0.003,0.9227,36.8356,0.00257732
Niger,0.1185,7.2385,22.2843,0.0239,0.2022,2.5503,1.2702,5.4224,0.0687,0.2022,1.4804,3.4838,0.0807,1.3489,0.0349,0.3666,0,0.3975,42.7585,0.000682128
Nigeria,0.0151,1.7391,10.922,0.1976,0.7239,4.4268,0.5675,0.173,0.0437,0.0627,0.4763,0.8311,0.1715,19.5271,0.0064,0.6501,0.0841,0.8573,48.2585,0.000798972
North Macedonia,0.3784,12.0639,7.3937,0.2847,0.3507,5.0893,2.0683,8.8045,0.2959,0.1773,0.3253,0.2847,0.1288,3.6779,0.2474,2.9104,0.1796,0.9505,37.933,0.140192308
Norway,0.6119,21.1992,5.9777,0.6194,2.7466,4.2801,3.6083,13.5227,3.6634,0.0893,0.3113,0.3204,0.0235,2.8097,0.4819,2.2652,0.099,0.8697,28.7933,0.010803787
Oman,0.0571,13.5101,9.6835,0.5741,2.0105,9.787,3.0531,7.6265,0.0423,0.1888,0.1338,0.2776,0.2297,1.6984,0.1395,2.5903,0.0521,0.6995,36.486,0.032505835
Pakistan,0.0969,22.2758,14.6224,0.3577,0.1831,2.4099,1.7957,19.6466,0.0117,0.1969,0.3577,0.6993,0.1618,1.8202,0.5258,2.6707,0.0852,0.3417,27.7226,0.005416403
Panama,0.2467,12.3346,14.2627,0.4604,1.005,6.6783,4.98,5.353,0.7431,0.2873,0.4589,0.4129,0.0153,1.3758,0.1195,4.2277,0.036,0.7645,37.6619,0.127363997
Paraguay,0.2191,11.2654,7.5639,0.9035,0.3119,5.4532,4.0434,5.3208,0.1788,0.4675,0.2745,0.6185,0.0082,12.5302,1.0112,2.4084,0.0015,1.0733,38.726,0.038690558
Peru,0.0316,8.6638,11.814,0.6431,1.7993,8.5783,1.754,4.0729,0.0719,0.3629,0.2458,0.6367,0.0172,8.7924,0.2501,1.7339,0.023,0.5066,41.3344,0.127751036
Philippines,0.3074,6.7108,20.0498,0.3527,2.4506,8.5466,3.2257,0.1045,0.1925,0.2717,0.5425,0.1106,0.034,2.8773,0.5399,2.3774,0.1838,0.4119,43.2905,0.010138619
Poland,0.9842,16.559,7.9033,0.3702,0.5845,3.0079,4.85,9.7542,0,0.017,0.0798,0.1099,0.0202,5.5631,0.1509,2.4775,0.0476,0.3959,33.439,0.101631568
Portugal,0.4077,18.6614,6.2984,0.4053,2.7295,6.5126,4.5168,10.3936,0.1393,0.2079,0.0965,0.1618,0.0173,3.106,0.2684,1.7316,0.2319,0.7246,31.3374,0.13607021
Republic of Moldova,0.4339,16.5343,11.6462,0.6795,0.991,3.4256,3.2622,10.9992,0.5083,0.1694,0.0616,0.0642,0.0068,3.9066,0.083,2.6632,0.018,0.825,33.464,0.099858557
Romania,0.3474,15.9287,8.0412,0.6848,0.2844,4.2115,3.0499,11.4018,0.2567,0.1594,0.0974,0.1045,0.1274,4.713,0.1398,1.4126,0.1093,0.7301,34.0679,0.097754794
Russian Federation,0.2486,16.1525,8.2803,0.9029,1.1312,3.162,4.318,9.3253,0.0118,0.2249,0.1319,0.1426,0.0118,6.3194,0.1809,4.6144,0.0118,0.8663,33.8472,0.051120062
Rwanda,0.0186,2.6366,3.538,0.0269,0.5279,15.7285,0.6257,1.3521,0.0283,0.0855,0.2233,2.5036,0.0179,20.4415,0.011,0.5782,0,0.2109,47.3634,0.001675417
Saint Kitts and Nevis,0.1735,14.0252,6.3135,0.3868,3.4174,7.5449,7.8207,1.895,1.5442,0.3318,0.947,0.5422,0.0901,2.715,0.0749,6.4623,0.0673,1.385,35.9677,0
Saint Lucia,0.0252,14.8893,7.2091,0.3326,3.0652,5.9453,8.17,2.8881,1.6054,0.4063,0.6274,0.5663,0.178,2.6427,0.0602,3.7043,0.0575,0.6103,35.0964,0.00989011
Saint Vincent and the Grenadines,0.022,11.0865,9.0142,0.3412,1.3785,10.471,6.9184,2.2593,1.9325,0.1672,0.1049,0.6452,0.2113,4.3734,0.2933,3.4592,0.0357,0.7227,38.9005,0.002702703
Samoa,0.2262,11.163,3.6768,0.1314,2.7788,10.7845,5.7993,1.9647,0.7751,0.1398,10.5187,0,0.0582,7.6944,0.1344,2.0811,0.0108,0.5117,38.8349,0
Sao Tome and Principe,0.022,4.1199,7.3796,0.0562,2.3033,18.2736,1.2054,0.5152,0.424,0.0187,9.9865,0.3109,0.0293,3.7154,0.0073,2.5939,0.0024,0.7805,45.8801,0.008571429
Saudi Arabia,0.3917,12.9962,16.3284,0.6003,1.0369,7.0413,4.9529,5.8598,0.669,0.1547,0.1492,0.4768,0.2434,1.4542,0.205,2.8571,0.1135,1.7626,37.0038,0.018255758
Senegal,0.0353,5.3434,25.9204,0.1878,2.0588,2.3456,1.6081,1.2496,0.0148,0.206,0.7637,0.4712,0.0717,2.6177,0.1161,2.0941,0.1047,1.9325,44.6423,0.004031295
Serbia,0.2524,16.7466,9.7485,0.6322,0.4148,5.9753,3.5893,11.619,0.0067,0.2389,0.1322,0.1805,0.0242,2.545,0.243,2.0255,0.1268,0.4644,33.2476,0.059105936
Sierra Leone,0.0067,5.6877,19.9349,0.1343,2.5044,3.2119,0.7837,2.1711,0.2504,0.0857,0.5999,0.8913,0.0638,12.4228,0.0762,0.6323,0.1,1.276,44.3138,0.000990347
Slovakia,1.3559,18.9841,5.4026,0.939,0.7045,3.5463,4.3096,11.4696,0.029,0.2055,0.2055,0.0973,0.0421,3.6814,0.2513,5.5166,0.1118,1.438,31.0231,0.094013182
Slovenia,1.1248,18.9196,7.6345,0.5376,0.6515,6.4367,4.161,12.2569,0.6133,0.1879,0.1285,0.1106,0.0561,2.6837,0.2615,2.4915,0.1972,0.4739,31.0774,0.171754636
Solomon Islands,0.1038,3.8504,9.0233,0.0826,2.284,3.2798,0.8897,0.438,0.5585,0.0394,5.0334,0.7366,0.0364,24.25,0.0856,0.8268,0.0356,0.3327,46.1492,0
South Africa,0.0593,11.8433,17.1035,0.594,0.5365,1.9355,5.3933,4.8155,9.00E-04,0.4448,0.2462,0.1546,0.0539,2.8503,0.1321,4.4677,0.0108,1.1726,38.1554,0.077446837
Spain,0.2357,18.3382,6.0548,0.7321,2.2646,4.8332,5.3456,9.5991,0,0.1605,0.265,0.2666,0.0069,3.0975,0.2229,1.8482,0.4287,1.5122,31.6581,0.128867429
Sri Lanka,0.0147,5.5328,20.7839,0.4178,3.0173,4.1171,0.8845,1.0948,0.0303,0.0998,7.1364,0.9608,0.5244,1.9793,0.2818,2.7209,0.135,0.2466,44.4618,0.001600036
Sudan,0.0958,13.1178,12.9192,0.1176,0.1018,7.0919,2.1133,10.4116,0.0741,0.2796,0.492,1.0631,0.0405,1.9167,0.1502,3.1231,0,0.9366,36.8813,0.004175694
Suriname,0.0438,6.7984,13.9476,0.5407,1.4348,8.6872,3.6451,1.0789,1.2414,0.0576,0.6757,0.1719,0.0224,2.4553,0.0903,4.7051,0.0155,1.3351,43.1917,0.026446281
Sweden,1.0442,24.0627,6.1923,0.7266,1.7659,3.5405,4.1476,16.3687,0.4623,0.0086,0.1712,0.0937,0.0484,2.8343,0.5533,2.5211,0.0996,0.3967,25.9282,0.116748579
Switzerland,0.4802,22.4227,5.9818,0.5377,0.9109,4.6041,3.6314,16.706,0,0.1549,0.1124,0.0995,0.0382,2.1542,0.3727,2.9737,0.2377,1.0637,27.5705,0.111257818
Taiwan*,0.1577,12.1312,10.0808,1.09,2.3182,8.3904,6.0558,2.3299,0.1874,0.1507,1.0736,0.2077,0.1023,0.8565,0.1374,2.3455,0.4185,1.8271,37.8684,3.81E-05
Tajikistan,0.0018,7.2363,13.3691,0.2255,0.0342,3.7863,1.5221,5.2373,0.2089,0.2144,0.1349,0.2486,0.0305,2.9278,0.0555,1.6607,0.0582,0.8419,42.7642,0.000954502
Thailand,0.0902,7.7828,17.5571,1.1143,2.6297,8.3291,2.4675,1.3279,0.009,0.1199,1.2775,0.2344,0.6626,1.8887,0.1262,4.0424,0.0938,0.7816,42.2145,0.000118736
Timor-Leste,0.0897,5.4983,26.332,0.1025,1.0225,2.1027,4.0376,0.1307,0.8905,0.1153,0.5612,0.9098,0.05,5.5022,1.0136,2.8203,0.0013,0.6842,44.503,0
Togo,0.0292,3.6702,15.8144,0.1067,1.3178,0.91,1.4133,0.7246,0.7448,0.0775,0.4718,1.7626,0.0595,20.0654,0.0843,1.8312,0,1.4099,46.3287,0.000954222
Trinidad and Tobago,0.2804,12.7835,13.0903,0.4044,2.3299,4.9733,6.7063,2.8789,0.2413,0.1837,1.2016,0.8939,0.2305,3.5148,0.0899,5.62,0.0928,1.2563,37.2145,0.009861213
Tunisia,0.2083,9.6312,12.0523,0.4508,0.7615,5.4307,1.6411,6.4775,0.0116,0.0926,0.2031,0.4311,0.1065,1.7724,0.1979,2.0832,0.3489,1.2551,40.3673,0.060205111
Turkey,0.1459,12.3156,9.708,0.3956,0.2582,6.8321,2.0694,9.3619,0.0101,0.0857,0.272,0.682,0.1251,2.4947,0.2002,1.7004,0.4664,1.0174,37.6836,0.031867633
Turkmenistan,0.3373,16.0611,14.8029,0.5139,0.2137,4.1441,4.3767,10.5606,0.253,0.0589,0.0661,0.1032,0.0015,2.3,0.0945,0.6746,0.0283,0.5655,33.9389,NA
Uganda,0.0352,5.6473,6.748,0.0815,1.0442,11.3112,0.8978,3.4755,0.0371,0.113,0.6338,2.3942,0.012,12.361,0.013,1.2601,0,0.744,44.3536,0.000714895
Ukraine,0.1753,13.1214,9.3613,0.8434,0.6821,2.9418,2.7425,8.5442,0.007,0.1339,0.0175,0.1099,0.0111,7.6721,0.0883,3.8811,0.0807,0.647,36.8777,0.059205802
United Arab Emirates,0.1896,10.5491,12.906,0.5958,1.9682,8.1938,4.94,2.6468,0.9471,0.2095,0.6133,2.1108,0.3194,0.8937,0.1649,3.6576,0.5838,0.7949,39.4461,0.009347515
United Kingdom,0.2754,18.8798,6.5412,0.621,1.0911,4.9551,4.4181,12.3684,0.6658,0.1056,0.224,0.2035,0.0653,5.1133,0.2461,2.4383,0.0901,0.7372,31.1116,0.167220071
United Republic of Tanzania,0.0403,4.8022,10.4453,0.03,0.5828,6.8147,0.7902,3.3606,0.0214,0,1.2839,2.1761,0.0274,13.937,0.03,1.0345,0.042,0.9136,45.1973,3.52E-05
United States of America,0.1681,21.2352,5.5048,0.786,1.1287,4.5432,6.2645,12.8657,0,0.0197,0.3246,0.1893,0.049,2.839,0.2458,3.32,0.1772,0.9889,28.7587,0.140103008
Uruguay,0.21,17.8865,10.251,0.7764,0.6058,5.3746,3.7863,12.3906,0.3918,0.1168,0.277,0.1936,0.0144,3.044,0.6169,3.4102,0.0131,1.0337,32.1076,0.013622203
Uzbekistan,0.1353,14.4463,10.5365,0.3566,0.1218,5.215,1.8621,11.7952,0.04,0.1748,0.0287,0.0022,0.0038,2.8891,0.0644,0.5796,0.0649,0.6109,35.554,0.001817171
Vanuatu,0.0793,6.6244,6.4102,0.1875,2.1649,5.8103,2.7466,1.2692,0.2882,0.1776,12.1763,8.00E-04,0.0374,12.7275,0.0305,1.3645,0.0038,0.3674,43.3737,0
Venezuela (Bolivarian Republic of),0.0403,14.7565,12.9253,0.3389,0.9456,7.646,3.8328,9.392,0.0702,0.2078,0.0281,0.3342,9.00E-04,2.5643,0.1479,3.4106,9.00E-04,1.3734,35.2416,0.004286961
Vietnam,0.164,8.5765,16.874,0.3077,2.6392,5.9029,4.4382,0.6069,0.0126,0.4149,0.841,0.2032,0.2074,1.0596,0.288,1.2846,0.307,0.2201,41.4232,3.64E-05
Yemen,0.0446,5.7874,27.2077,0.2579,0.524,5.1344,2.7871,1.8911,0.2033,0.2827,0.0893,0.8645,0.0347,1.0794,0.2199,5.0468,0.0017,1.0811,44.2126,0.002061959
Zambia,0.0829,6.0197,21.1938,0.3399,1.6924,1.0183,1.8427,1.757,0.2149,0.3048,1.8736,0.1756,0.0478,7.9649,0.0618,1.5632,0.0014,0.6657,43.9789,0.004563751
Zimbabwe,0.0755,8.1489,22.624,0.2678,0.5518,2.2,2.6142,4.431,0.2012,0.2086,0.4498,0.4261,0.0252,2.987,0.1494,4.6485,0.0518,1.7103,41.8526,0.008854202
